Cód. Art.;Descripcion;Anul;cant;codprecan;resto;codpreres
1;QUESO CREMOSO TREGAR X KG;no;158;1;0;
2;QUESO CREMOSO REMANSO X KG;no;0;;0;
3;QUESO DANBO TREGAR X KG;no;76;;0;
4;QUESO BARRA REMANSO X KG;no;41;;0;
5;QUESO POR SALUT X KG;no;18;;0;
6;QUESO POR SALUT LIGHT X KG;no;5;;0;
7;QUESO MOZZARELA EN BARRA X KG;no;3;;0;
8;QUESO CRIOLLO TREGAR X KG.;no;7;;0;
9;QUESO HOLANDA TREGAR X KG.;no;-3;;0;
10;QUESO PATEGRAS TREGAR X KG;no;0;;0;
11;QUESO FONTINA TREGAR X KG.;no;1;;0;
12;QUESO AZUL TREGAR X KG.;no;4;;0;
13;QUESO CHEDDAR TREGAR P/F X KG;no;0;;0;
14;QUESO CREMOSO TROZADO X KG;no;6;;0;
15;QUESO POR SALUT TROZ. X KG;no;1;;0;
16;QUESO POR SALUT LIGHT TROZ X KG;no;12;;0;
17;QUESO PORT SALUT LIGHT S/SAL TROZ X KG;no;-2;;0;
18;QUESO HOLANDA TROZADO X KG;no;1;;0;
19;QUESO CRIOLLO FRACCIONADO X KG;no;6;;0;
20;QUESO REGIANITO TROZ X KG;no;0;;0;
21;QUESO RALLADO TREGAR X 40 (B20);no;20;;5;
22;QUESO RALLADO X 120 GRS (B24);no;1;;14;
23;QUESO BLANCO CLASICO (B12);no;-1;;-7;
24;QUESO BLANCO LIGHT (B12);no;2;;3;
25;QUESO CREMA CLASICO X 190 (B12);no;-1;;-7;
26;QUESO CREMA LIGTH X 190 (B12);no;-1;;0;
27;QUESO MASCARPONE (B12);no;1;;4;
28;CREMA DE LECHE DOBLE X 200 (B12);no;27;2;6;
29;CREMA DE LECHE DOBLE X 350 (B12);no;36;;9;
31;NEUFCHATEL CLASICO (B12);no;7;;5;
32;NEUFCHATEL LIGHT (B12);no;4;;7;
33;NEUFCHATEL CIBOULETTE (B12);no;1;;0;
34;NEUFCHATEL SALAME (B12);no;2;;5;
35;NEUFCHATEL JAMON (B12);no;2;;10;
36;NEUFCHATEL CHEEDAR (B12);no;1;;4;
37;RICOTTA ENTERA (B6);no;0;;5;
38;RICOTTA MAGRA (B6);no;2;;2;
39;ARROZ CON LECHE (B20);no;8;;16;
40;ARROZ CON LECHE DULCE LECHE (B20);no;0;;13;
41;ARROZ CON LECHE CANELA (B20);no;0;;14;
42;ARROZ CON LECHE LIGHT (B20);no;1;;10;
43;ARROZ CON LECHE CHOCOLATE (B20);no;-1;;-7;
44;YOG CREM FRUTILLA X 125. (B24);no;24;;4;
45;YOG CREM VAINILLA X 125 (B24);no;17;;20;
46;YOG CREM DULCE LECHE X 125 (B24);no;5;;2;
47;YOG CREM. LIGHT FRUT X 125. (B18);no;0;;-14;
48;YOG CREM. LIGHT VAINILLA X 125 (B18);no;-1;;-12;
49;YOG FRUTILLA X 160. (B24);no;5;;13;
50;YOG DURAZNO X 160 (B24);no;7;;1;
51;YOG ANANA X 160. (B18);no;0;;17;
52;YOG ARANDANO X 160. (B18);no;0;;1;
53;YOG MANGO/MARAC. X 160. (B18);no;0;;2;
54;YOG LIGHT FRUTILLA X 160. (B24);no;0;;0;
55;YOG LIGHT DURAZNO X 160. (B24);no;0;;23;
56;YOG LIGHT ARANDANO X 160. (B18);no;-2;;-4;
57;YOG TOPS CEREAL ENTERO X 164 (B18);no;9;;0;
58;YOG TOPS LIGHT CEREAL X 164 (B18);no;0;;3;
59;YOG NATURAL X 140. (B12);no;-2;;0;
60;YOG SACHET FRUTILLA X 900 (B18);no;13;;16;
61;YOG SACHET VAINILLA X 900 (B18);no;8;;7;
62;YOG LIGHT FRUTILLA X 900 (B20);no;4;;13;
63;YOG LIGHT VAINILLA X 900 (B20);no;2;;18;
64;LECHE ENTERA TREGAR X 1 LTS (B12);no;1301;;11;
65;LECHE DESCREM TREGAR X 1 LTS (B12);no;504;;8;
66;LECHE 0% LACTOSA TREGAR X 1 LTS (B12);no;30;;5;
67;LECHE 0% LACTOSA X 500 MLT (B12);no;0;;0;
68;LECHE 0% GRASA UAT X 1 LTS (B12);no;0;;0;
69;LECHE PEQUES TREGAR X 1 LTS (B12);no;0;;0;
70;LECHE PEQUES X 200 MLT (B18);no;0;;0;
71;LECHE CHOCOLATADA X 1 LTS. (B12);no;107;;11;
72;LECHE CHOCOLATADA X 200 ML. (B18);no;65;;16;
73;LECHE ENT. POLVO TREGAR X  800 (B10);no;0;;0;
74;YOG SIN AZUCAR NATURAL (B12);no;-5;;-7;
75;YOG SACHET DURAZNO X 900 (B18);no;1;;6;
76;YOG SACHET ARANDANOS X 900 (B18);no;-1;;-7;
77;DULCE DE LECHE X 200 (B24);no;23;;13;
78;DULCE DE LECHE TRADIC. X 400 (B12);no;5;;1;
79;DULCE DE LECHE REPOS X  400 (B12);no;0;;0;
80;DULCE DE LECHE TRADIC X 1 KG (B6);no;0;;0;
81;DULCE DE LECHE REPOS X 1 KG (B6);no;0;;0;
82;QUESO BARRA PAU E/V X 180 GRS;no;-53;;0;
83;QUESO BARRA FETEADO X KG;no;7414;;0;
84;CREMA LECHE UAT X 200 GRS (B18);no;0;;0;
85;CREMA LECHE UAT X 500 GRS (B12);no;0;;0;
86;NUEVO Q CREMA CLASICO X 280 (B12);no;-3;;-1;
87;NUEVO Q CREMA LIGHT X 280 (B12);no;4;;7;
88;YOG LIGHT DURAZNO X 900 (B20);no;0;;0;
89;YOG TOPS CON GRANOLA X 155 (B18);no;0;;-3;
90;YOG NATURAL ENDULZADO X 280 GRS (B12);no;0;;-6;
91;YOG SIN AZUCAR NATURAL X 280 GRS (B12);no;-4;;-7;
92;YOG FRUTAS CEREZA X 160 (B18);no;1;;13;
93;YOG BATIDO CON CAFE X 120 (B12);no;0;;-5;
94;YOG BATIDO CON COCO X 120 (B12);no;0;;-5;
95;PAULI DAMBO FET A/V X 180 GRS;no;338;;0;
96;YOG BATIDO CON LIMON X 120 (B12);no;0;;-2;
100;YEYO SORRENTINOS MUZZA/JAM (B24);no;5;;13;
101;YEYO RAV ESPINA/CARNE X 1KG (B15);no;16;;2;
102;YEYO RAV ESP,RIC Y QUESO X 1KG (B15);no;20;;7;
103;YEYO RAV ESPINA /POLLO X 1 KG (B15);no;14;;0;
104;YEYO RAVIOLES ESPINACA X 500 (B24);no;29;;7;
105;YEYO RAVIOLES ESP-POLLO X 500 (B24);no;22;;15;
106;YEYO RAVIOLES ESP-CARNE X 500 (B24);no;24;;9;
107;YEYO RAVIOLES RICOTTA X 500 (B24);no;0;;0;
108;YEYO RAVIOLES 4 QUESOS X 500 (B24);no;4;;15;
109;YEYO CAPELLETIS X 1 KG (B15);no;0;;0;
110;YEYO CAPELET CAR/JAM X 400 (B24);no;6;;3;
111;YEYO FIDEOS FINOS X 500 (B24);no;3;;4;
112;YEYO FIDEOS ANCHOS X 500 GRS (B24);no;3;;1;
113;YEYO FIDEOS FUSILES X 500 GRS (B24);no;0;;12;
114;YEYO ÑOQUIS BANDEJA X 500 (B24);no;22;;19;
115;YEYO EMPANADA HORNO X 330 (B48);no;5;;21;
116;YEYO EMPANADA FREIR X 330 (B48);no;3;;29;
117;YEYO EMPANADA CRIOLLA X 330 (B48);no;5;;41;
118;YEYO EMP. ROT. HOJALDRE X 500 (B36);no;0;;0;
119;YEYO EMP ROTIS. CRIOLLA X 500 (B36);no;0;;0;
120;YEYO EMP REGION. HORNO X18 (B24);no;4;;8;
121;YEYO EMP REGION. FREIR X 18 (B24);no;0;;3;
122;YEYO EMP REGION. CRIOLLA X 18 (B24);no;1;;18;
123;YEYO PASCUALINA HOJALDRE  (B30);no;1;;4;
124;YEYO PASCUALINA CRIOLLA  (B30);no;1;;2;
125;YEYO PASCUALINA RECTANGULAR (B30);no;0;;0;
126;YEYO DISCOS DE COPETIN HORNO;no;0;;7;
127;DEVIANO EMPAN. HORNO/FREIR (B48);no;0;;0;
128;DEVIANO PASCUALINA CRIOLLA (B30);no;0;;0;
129;DEVIANO RAV POLLO/VERD X 900 (B15);no;27;;12;
130;DEVIANO RAV DE RICOTA X 450 (B30);no;14;;3;
131;DEVIANO RAV DE VERDURA X 450 (B30);no;18;;20;
132;DEVIANO ÑOQUIS X 900 (B15);no;7;;9;
133;YEYO CAPELETIS JAMON Y QUESO X 400 (B24);no;4;;16;
141;YEYO PAN LACTAL BLANCO X 360 (B15);no;12;;14;
142;YEYO PAN LACTAL BLANCO X 600 (B10);no;2;;5;
143;YEYO PAN DE MESA X 350 (B15);no;3;;0;
144;YEYO PAN DE MESA X 570 (B10);no;5;;9;
145;YEYO PAN C/ SALVADO X 350 (B15);no;2;;7;
146;YEYO PAN C/SALVADO X 600 (B10);no;0;;0;
147;YEYO PAN SEMILLA X 400 (B15);no;3;;4;
149;YEYO PAN HAMBURGUESA X 4 (B20);no;38;;11;
150;YEYO PAN P/MAXI HAMBURG (B16);no;3;;1;
151;YEYO PAN  PANCHO X 210 (B24);no;7;;7;
152;YEYO PAN SUPERPANCHO (B14);no;6;;9;
153;YEYO PAN LOMITO SESAMO X 4 (B21);no;1;;6;
154;YEYO PIONONO X  200 (B20);no;0;;11;
155;YEYO PAN HARINA TRIGO INTEGRAL (B10);no;2;;9;
156;YEYO PAN DULCE MILANES X 500 (B8);no;50;;1;
158;YEYO PAN DULCE C/ CHIP X 400 (B8);no;43;;6;
159;YEYO PAN DULCE MEDITERRANEO X 500 (B6);no;0;;0;
160;YEYO PAN DULCE DEVIANO X 400 (B8);no;196;;7;
161;YEYO VAINILLAS X 180 GS (B12);no;0;;0;
162;YEYO BUDIN NARANJA X 200 (B12);no;58;;9;
163;YEYO BUDIN VAINILLA CON CHIPS X 200 (B12);no;55;;4;
164;YEYO BUDIN VAINILLA X 200 (B12);no;54;;3;
165;YEYO LIGHT PASCUALINA HOJ. (B30);no;0;;0;
166;YEYO LIGHT T/EMPANADA BLISTER (B24);no;0;;0;
167;YEYO PAN DULCE SIN FRUTAS X 400 (B8);no;12;;5;
168;DEVIANO PIONONO X 180 GRS (B35);no;0;;0;
170;ORALI RAVIOLES VERDURA X 500 (B21);no;0;;0;
171;ORALI RAVIOLES POLLO X 500 (B21);no;0;;0;
172;ORALI RAVIOLES RICOTA X 500 (B21);no;0;;0;
173;ORALI RAV CARNE Y ESPIN X 500 (B21);no;0;;0;
174;ORALI RAVIOLES VERDURA X 1 KG (B10);no;0;;0;
175;ORALI RAVIOLES POLLO X 1 KG (B10);no;0;;0;
176;ORALI RAVIOLES RICOTA X 1KG (B10);no;0;;0;
177;ORALI RAV CARNE - VERD X 1 KG (B10);no;0;;0;
178;ORALI FIDEOS FINOS X 500 (B21);no;0;;0;
179;ORALI ÑOQUIS X 500 (B21);no;0;;0;
180;ORALI EMPANADAS CRIOLLA (B30);no;0;;0;
181;ORALI EMPANADAS S/ TACC X 330 (B30);no;0;;2;
182;ORALI PASCUALINA CRIOLLA (B30);no;0;;0;
183;ORALI PASCUALINA SIN TACC (B30);no;0;;9;
185;ORALI TAPA PASTELITO (B50);no;0;;0;
186;ORALI LEVADURA X 500 (B20);no;0;;0;
188;ORALI TORTILLAS X 220 (B16);no;-1;;-1;
189;ORALI EMPANADA TUBO XL (B6);no;0;;0;
190;ORALI TORTILLAS INTEGRALES (B16);no;1;;6;
191;ORALI TAPA EMP C/SEMILLAS X 12 (B18);no;0;;0;
192;ORALI RAVIOLES 4 QUESOS X 500 (B21);no;0;;0;
193;ORALI RAVIOLES 4 QUESO X 1 KG (B10);no;0;;0;
194;ORALI PASCUALINA LINEA VERDE SEMILLAS (B25);no;0;;0;
200;SALCHICHAS P X 6 (B32);no;69;;10;
201;PIAM. SALCHICHON JAMON FLIAR (B10);no;0;;0;
202;PIAM. SALCHICHON PRIMAV FLIAR (B10);no;0;;0;
203;PIAM. LEBER WURST (B24);no;1;;4;
204;PIAM. MORTADELA FAMILIAR (B10);no;2;;6;
205;PIAM. MORTADELA 808 FAMILIAR (B24);no;0;;8;
206;PIAM. SALCHICHON PRIMAVERA;no;8;;0;
207;PIAM. PALETA 131 MAXI PIEZA P/FETEAR ;no;0;;0;
208;PIAM. MILAN AL VACIO;no;0;;0;
209;PIAM. PANCETA AHUMADA;no;17;;0;
210;PIAM. PANCETA SALADA;no;0;;0;
211;PIAM. BONDIOLA AL VACIO;no;3;;0;
212;PIAM. SALAMIN P/G TIRA;no;26;;0;
213;PIAM. SALAMIN P/F TIRA;no;34;;0;
214;PIAM. SALAME X METRO P/G;no;9;;0;
215;PIAM. SALAME X METRO P/F;no;16;;0;
216;PIAM. SALAMIN P/GRUESO A/V;no;0;;0;
217;PIAM. MORTADELA 808 X 1.5 KG;no;16;;0;
218;PIAM. CHORIZO A LA ESPAÑOLA;no;3;;0;
219;PIAM. SALAME MILAN;no;19;;0;
220;PIAM. SALAME MILAN AL VACIO 808;no;14;;0;
221;PIAM. MILAN 808 A/V X MEDIA PIEZA;no;0;;0;
222;PIAM. SALAME MILAN CRESPON;no;-1;;0;
223;PIAM. MORTADELA CILINDRO;no;2;;0;
224;PIAM. MORTADELA 808 CILINDRO;no;4;;0;
225;PIAM. MORTADELA BOLOGNA;no;28;;0;
226;PIAM. MORTADELA VEJIGA;no;3;;0;
227;PIAM. JAMON COCIDO;no;11;;0;
228;PIAM. F COC DE PATA CERDO CUADRADO;no;8;;0;
229;PIAM. FIAMBRE PALETA DE CERDO;no;-5;;0;
230;PIAM. F PALETA CERDO 131;no;48;;0;
231;PIAM. PALETA P/ EMPAREDADO 131;no;11;;0;
232;PIAM. JAMON CRUDO SIN CUERO SIN HUESO;no;2;;0;
233;PIAM. JAMON CRUDO DESHUESADO SIN TACC;no;0;;0;
234;PIAM. LOMO CERDO FINAS HIERBAS;no;0;;0;
235;PIAM. LOMO DE CERDO COCIDO;no;3;;0;
236;PIAM. PALETA COCIDA E/V X 200 GRS;no;73;;0;
237;PIAM. JAMON COC. FET E/V X 200 GRS;no;35;;0;
238;PIAM. MILAN FET E/V X 150 GRS;no;86;;0;
239;PIAM. BONDIOLA FET E/V X 150;no;12;;0;
240;PALETA FETEADA X KILO;no;80;;0;
241;JAMON FETEADO X KILO;no;158;;0;
242;PIAM. SALCHICHA PARRILLERA X KG;no;-2;;0;
243;PIAM. CHORIZO CERDO FRESCO X KG;no;4;;0;
244;PIAM. MORCILLA A/V X KG;no;4;;0;
245;PIAM. JAMON CRUDO FET E/V X 150 GRS;no;1;;0;
246;PIAM. PANCETA AH. FET A/V X 150;no;0;;0;
247;PIAM. BOMBON JAMON COCIDO;no;11;;0;
248;PIAM. JAMON NATURAL LIBRE DE GLUTEN;no;0;;0;
249;PIAM. CHORIZO A/V X 16 UNID;no;-3;;0;
250;CHORIZO COLORADO 214;no;0;;0;
251;MORTADELA SOCHA 214 X KG.;no;9;;0;
252;SALAME GRUESO 214 - CRIOLLO X KG.;no;2;;0;
253;SALCHICHON PRIMAVERA 214;no;7;;0;
255;CA JAMON COCIDO CERDO;no;0;;0;
256;CA JAMON COCIDO NATURAL MILLENIUM;no;4;;0;
257;CA JAMON CRUDO FETEADO X 150 GRS;no;0;;0;
258;CA CHORIZO SECO DE CERDO;no;0;;0;
259;CABAÑA A. MORTADELA BOLOG. X KG;no;0;;0;
260;CENTURION PALETA COCIDA X KG;no;0;;0;
261;CA PECHUGA DE PAVO;no;0;;0;
262;CA SALAME FUET C/EMPLUME (B10);no;0;;0;
263;CA SALAME DE CERDO;no;0;;0;
264;CA SALAME A LAS FINAS HIERBAS;no;0;;0;
265;CA LONGANIZA CALABRESA;no;0;;0;
266;CA SALAME PEPPERONI;no;2;;0;
267;COLITAS QUESO;no;-180;;0;
270;CAGNOLI FIAMBRE PATA CERDO;no;7;;0;
271;CAGNOLI JAMON COCIDO;no;1;;0;
272;CAGNOLI PANCETA AHUMADA;no;99;;0;
273;CAGNOLI SALAME MILAN;no;0;;0;
274;CAGNOLI JAMON COCCION LENTA;no;6;;0;
275;CAGNOLI LOMO HORNEADO F/H;no;9;;0;
276;CAGNOLI SALAME FUET X 150 (B10);no;10;;5;
277;CAGNOLI SPIANATTA;no;0;;0;
278;CAGNOLI CALABRESA BASTON;no;0;;0;
279;CAGNOLI LONGANIZA BASTON;no;0;;0;
280;CAGNOLI CALABRESA SALAMIN TIRA;no;0;;0;
281;CAGNOLI SALAME BASTON P/G;no;0;;0;
282;CAGNOLI SALAME BASTON P/F;no;0;;0;
283;CAGNOLI SALAMIN ATM PICANTE;no;13;;0;
284;CAGNOLI SALAMIN ATM AHUMADO;no;3;;0;
285;CAGNOLI MORTADELA BOCHA;no;0;;0;
286;CAGNOLI SALAMIN P/G X KG;no;0;;0;
287;CAGNOLI SALAMIN P/F X KG;no;0;;0;
288;CAGNOLI SALAMIN TANDIL FINO A/V;no;6;;0;
289;CAGNOLI SALAMIN TANDIL GRUESO A/V;no;8;;0;
290;ALTEZZA FIAM. EMPAREDADO;no;0;;0;
291;CHACRA SALAME MILAN;no;0;;0;
292;CHACRA SALAME BASTON P/G;no;0;;0;
293;CHACRA SALAME BASTON P/F;no;0;;0;
294;CHACRA SALAMIN P/G;no;0;;0;
295;CHACRA SALAMIN P/F;no;0;;0;
296;CHACRA PANCETA AHUMADA;no;0;;0;
297;CAG.MORTADELA C/PISTACHO X 250GR;no;22;;0;
298;CAGNOLI SALAME FUET SERRANO;no;4;;0;
299;CAGNOLI SALAMIN ESPECIADO FH;no;3;;0;
300;MARGARINA VEGETAL X 200 (B30);no;38;;27;
301;MARGARINA VEGETAL X 500 (B12);no;54;;11;
302;MARGADAN VEGETAL X 200 (B30);no;41;;12;
303;MARGADAN VEGETAL X 500 (B12);no;39;;1;
304;DAN EQUILIBRIO VEG. PAN X 200 (B30);no;0;;0;
306;DELICIA VEGETAL X 200 (B30);no;0;;0;
307;DELICIA VEGETAL X 500 (B12);no;0;;0;
308;DAN DORADA VEGE POTE X 210 (B24);no;8;;8;
309;DAN EQUILIBRIO VEG POTE X 220 (B24);no;8;;11;
310;SOFT LIGHT VEGETAL POTE X 200 (B24);no;14;;14;
311;MANTY CLASICA PAN X 200 (B30);no;18;;29;
312;VEGETALINA X 500 (B12);no;0;;0;
313;MARGARINA PILON MASAS X 5 (B4);no;0;;-2;
314;MARGARINA PILON HOJALDRE X 5 (B4);no;0;;0;
315;MARGADAN MASAS X 5 (B4);no;0;;0;
316;PRIMOR MASAS X 5 (B4);no;0;;0;
317;MANTERINA MASAS X 5 (B4);no;0;;0;
318;CREMALDA X 1 LT. (B12);no;0;;0;
319;MARGADAN HOJALDRE X 5 KG (B4);no;0;;0;
320;PRIMOR HOJALDRE X 5 KG (B4);no;0;;0;
321;MANTERINA HOJAL PLACA X 2 KG (B10);no;0;;2;
322;FLORA DAN MARG VEGANA PAN (B30);no;0;;0;
323;MARGARINA HOJALDRE X 2 (B5);no;0;;0;
326;MAYONESA D'FIESTA X 100 (B20);no;542;;16;
327;MAYONESA D'FIESTA X 250 (B24);no;196;;0;
328;MAYONESA D'FIESTA X 500 (B24);no;129;;0;
329;MAYONESA D'FIESTA X 1000 (B8);no;65;;4;
330;MAYODAN X 250 CC (B24);no;22;;4;
331;MAYODAN X 500 CC (B24);no;20;;12;
332;MAYODAN X 1 KG (B8);no;0;;2;
333;MAYODAN X 2900 CC (B4);no;137;;0;
334;MAYONESA DANICA X 100 (B20);no;56;;5;
335;MAYONESA DANICA X 250 (B24);no;7;;19;
336;MAYONESA DANICA X 500 (B24);no;33;;6;
337;MAYONESA DANICA X 1 KG (B8);no;21;;4;
338;MAYONESA EQUILIBRIO X 250 (B24);no;0;;0;
339;MAYONESA EQUILIBRIO X 500 (B24);no;1;;3;
340;MAYONESA MINI X 8 GRS (192U);no;-2;;0;
341;MOSTAZA X 60 (B24);no;-4;;-5;
343;MOSTAZA X 3000 (B4);no;11;;0;
344;MOSTAZA MINI X 8 GRS;no;63;;0;
345;KETCHUP X 50 (B24);no;148;;8;
347;KETCHUP X 3 KG (B4);no;9;;3;
348;KETCHUP X 8 GRS (192U);no;97;;0;
349;SALSA GOLF X 100 (B20);no;2;;3;
353;SALSA BARBACOA X 220 (B12);no;20;;1;
354;D'FIESTA KETCHUP X 220 (B12);no;-2;;0;
355;D'FIESTA MOSTAZA X 220 (B12);no;0;;1;
356;SALSA BARBACOA MINI X 8 GRS (192U);no;4;;0;
357;SALSA BARBACOA X 3 KG (B4);no;4;;0;
358;SALSA BBQ D´FIESTA X 220 (B12);no;19;;1;
360;DANICA BRILLO LISTO DANASWEET X 14 KG;no;0;;0;
361;DANICA DANPAN ADIT MEJOR PL X 10 KG;no;0;;0;
363;DANICA EMULDAN BIDON X 10 KG;no;0;;0;
364;DANICA IMPULDAN ADIT. MEJORADOR X 10 KG;no;0;;0;
365;DANICA PREMEZCLA BUDIN DANMIX X 5 KG;no;0;;0;
366;DANICA PREMEZCLA PAN QUESO LEYENDA X 5 KG;no;0;;0;
367;POL.BIZCOCHUELO VAINILLA X 10;no;1;;0;
368;CREMA PASTELERA EN FRIO X 5 KG;no;0;;0;
369;PRIMOR REF X 20 KG;no;0;;0;
370;MAYONESA DANICA X 2.900 KG (4);no;0;;0;
371;DOÑA FLORA GRASA X 500 (B10);no;22;;5;
372;DOÑA FLORA GRASA X 1 KG (B12);no;23;;6;
373;MASAS Y BATIDOS DOÑA FLORA (B12);no;0;;0;
374;KETCHUP DANICA X 220 (B24);no;67;;7;
375;MOSTAZA DANICA X 220 (B24);no;6;;12;
376;SALSA GOLF DANICA X 220 (B24);no;-1;;-9;
377;KETCHUP D´FIESTA X 220 (B24);no;1;;23;
378;MOSTAZA D´FIESTA X 220 (B24);no;1;;0;
387;DULCE LECHE CARTON FAM X 1 KG (12);no;1;;3;
388;DULCE LECHE PASTELERO VC X 3 KG ;no;11;;0;
389;DULCE LECHE REPOS.VC X 400 GRS (24);no;10;;18;
391;DULCE LECHE FAMILIAR VC X 200 GRS (B36);no;18;;17;
392;DULCE LECHE FAMILIAR VC X 400 GRS (B24);no;13;;13;
393;DULCE LECHE REPOSTERO VC X 1 KG (B12);no;0;;0;
394;DULCE LECHE FAMILIAR VC X 1 KG (B12);no;9;;7;
395;DULCE LECHE FAMILIAR VC X 10 KG;no;5;;0;
396;DULCE LECHE REPOSTERO VC X 3 KG;no;15;;0;
397;DULCE LECHE REPOSTERO VC X 10 KG;no;25;;0;
398;DULCE LECHE PASTELERO VC X 10 KG;no;71;;0;
400;EMETH BATATA VAINILLA CAJON X 5 KG;no;336;;0;
401;EMETH BATATA CHOCOLATE CAJON X 5 KG;no;134;;0;
402;EMETH MEMBRILLO CAJON X 5 KG;no;418;;0;
403;EMETH BATATA VAINILLA LATA X 5 KG;no;27;;0;
404;EMETH BATATA CHOCO LATA X 5 KG;no;10;;0;
405;EMETH MEMBRILLO LATA X 5 KG;no;5;;0;
406;EMETH BATATA BANDEJA 500 (B12);no;29;;10;
407;EMETH B.CHOC BANDEJA X 500 (B12);no;9;;5;
408;EMETH MEMBRI BANDEJA X 500 (B12);no;27;;1;
409;EMETH BATATA VAINILLA X 500 (B12);no;37;;10;
410;EMETH BATATA CHOCO X 500 (B12);no;30;;4;
411;EMETH MEMBRILLO X 500 (B12);no;44;;8;
412;EMETH BIZCOCHUELO VAINILLA (B12);no;40;;5;
413;EMETH BIZCOCHUELO C/CHIP (B12);no;18;;8;
414;EMETH BIZCOCHUELO COCO (B12);no;22;;11;
415;EMETH BIZCOCHUELO CHOCOLATE (B12);no;21;;1;
416;EMETH BIZCOCHUELO D/LECHE (B12);no;10;;11;
417;EMETH BIZCOCHUELO LIMON (B12);no;23;;5;
418;EMETH BIZCOCHUELO NARANJA (B12);no;27;;8;
419;EMETH MERM.CIRUELA POTE X 420 (B12);no;26;;5;
420;EMETH MERM.DURAZNO POTE (B12);no;28;;4;
421;EMETH MERM.DAMAZCO POTE (B12);no;14;;3;
422;EMETH MERM.NARANJA POTE (B12);no;9;;8;
423;EMETH MERM.FRUTILLA POTE (B12);no;5;;1;
424;EMETH MERM.CIRUELA FRASCO (B6);no;14;;2;
425;EMETH MERM.DURAZNO FRASCO (B6);no;13;;1;
426;EMETH MERM.DAMASCO FRASCO (B6);no;5;;1;
427;EMETH MERM.NARANJA FRASCO (B6);no;9;;0;
428;EMETH MERM.FRUTILLA FRASCO (B6);no;7;;3;
429;EMETH MERM. ARANDANO FRASCO (B6);no;5;;0;
430;EMETH MERM.FRAMBUESA FRASCO (B6);no;2;;0;
431;EMETH MERM.FRUTOS BOSQUE FCO (B6);no;1;;1;
432;EMETH MERM.CIRUELA B/C FRASCO (B6);no;9;;4;
433;EMETH MERM.DURAZNO B/C FRASCO (B6);no;3;;0;
434;EMETH MERM.DAMASCO B/C FCO. (B6);no;5;;5;
435;EMETH MERM.NARANJA B/C FCO (B6);no;4;;2;
436;EMETH MERM.FRUTILLA B/C FCO  (B6);no;2;;0;
437;EMETH MERM. ARANDANO B/C FCO  (B6);no;0;;5;
438;EMETH MERM.FRAMBUEZA B/C FCO  (B6);no;0;;3;
439;EMETH MERM.FRUTOS DEL BOSQUE B/C FCO (B6);no;4;;5;
440;EMETH GELATINA ANANA (B6);no;42;;3;
441;EMETH GELATINA CEREZA (B6);no;22;;5;
442;EMETH GELATINA DURAZNO (B6);no;36;;4;
443;EMETH GELATINA FRAMBUESA (B6);no;15;;0;
444;EMETH GELATINA FRUTILLA (B6);no;16;;3;
445;EMETH GELATINA NARANJA (B6);no;24;;3;
446;EMETH FLAN VAINILLA (B6);no;21;;3;
447;EMETH FLAN DE CHOCOLATE (B6);no;18;;0;
448;EMETH FLAN DE DULCE DE LECHE (B6);no;12;;1;
449;EMETH POSTRE VAINILLA (B6);no;6;;2;
450;EMETH POSTRE CHOCOLATE (B6);no;7;;3;
451;EMETH POSTRE DULCE DE LECHE (B6);no;4;;1;
452;EMETH AZUCAR IMPALPABLE (B12);no;2;;2;
453;EMETH CACAO POUCH X 180 GRS (B12);no;2;;0;
454;EMETH CACAO CAJITA X 180 GRS (B6);no;4;;0;
455;EMETH VAINILLA LIQUIDA (B24);no;49;;20;
456;EMETH CACAO POUCH X 400 GRS (B12);no;0;;0;
469;EMETH BROWNIE X 425 (B12);no;0;;1;
470;EMETH VAINILLA LIQUIDA X 5 LITROS;no;5;;0;
471;EMETH MERM MEMBRILLO POTE X 10 KG;no;30;;0;
472;EMETH GUINDAS ROJAS BALDE X 5 KG;no;2;;0;
493;DULCOR TOMATE TRIT BOTELLON (P8);no;12;;7;
495;DULCOR DURAZNO MIT X 820 GRS (12);no;149;;3;
500;RIEDMAR PEPAS X 400 (B12);no;56;;3;
501;RIEDMAR SCONS X 400 (B12);no;48;;7;
502;RIEDMAR SOL DE COCO X 400 (B12);no;6;;0;
503;RIEDMAR CHOCO MIX X 350 (B12);no;27;;0;
504;RIEDMAR PEPA NEVADA X 350 (B12);no;27;;2;
505;RIEDMAR PEPA CHOCO X 350 (B12);no;23;;0;
506;RIEDMAR RUBIAS X 400 (B12);no;23;;0;
507;RIEDMAR MORENAS X 400 (B12);no;24;;0;
508;RIEDMAR BONITAS X 350 (B12);no;46;;0;
509;RIEDMAR PEPAS X 180 (B24);no;0;;0;
510;RIEDMAR ANILLOS VAINILLA X 400 (B12);no;49;;0;
511;RIEDMAR ANILLOS LIMON X 400 (B12);no;24;;0;
512;RIEDMAR ANILLOS COCO X 400 (B12);no;28;;0;
514;RIEDMAR COOKIES MANI CHIP (B16);no;14;;0;
515;RIEDMAR COOKIES CHOCO CHIP (B16);no;5;;0;
518;OVNI ANILLITOS FRUTALES X 1 KG (B10);no;0;;2;
519;OVNI OSITOS DE AVENA Y MIEL X 200 (B20);no;5;;11;
520;OVNI CHIZITOS X 1 KG (B10);no;21;;7;
521;OVNI CHIZITOS X 500 GRS (B10);no;0;;0;
522;OVNI CHIZITOS NARANJAS X 1KG  (B10);no;0;;0;
523;OVNI CHIZITOS X 50 GRS (B15);no;19;;10;
524;OVNI TUTUCA X 1 KG (B10);no;9;;5;
525;OVNI TUTUCA X 500 GRS (B10);no;0;;0;
526;OVNI TUTUCA X 200 GRS (B10);no;19;;7;
527;OVNI TUTUCA X 50 GRS (B20);no;8;;16;
528;OVNI PUFLITOS X 1 KG (B10);no;11;;3;
529;OVNI PUFLITOS X 200 GRS (B10);no;6;;2;
530;OVNI PUFLITOS X 50 GRS (B15);no;5;;5;
531;OVNI PAPAS FRITAS X 1 KG (B4);no;0;;0;
532;OVNI PAPAS FRITAS X 90 GRS (B24);no;9;;19;
533;OVNI PAPAS PAY X 1KG (B4);no;0;;2;
534;OVNI PALITOS SALADOS X 1 KG (B6);no;0;;0;
535;OVNI PALITOS SALADOS X 150 GRS (B15);no;9;;2;
536;OVNI MANI SALADO X 1 KG (B6);no;0;;2;
537;OVNI MANI SALADO X 160 GRS (B15);no;2;;8;
538;OVNI COPOS AZUCARADOS X 200 (B32);no;4;;17;
539;OVNI BOLITAS DE CHOCOLA X 200 (B32);no;3;;18;
540;OVNI ANILLITOS FRUTALES X 160 (B32);no;3;;13;
541;OVNI COPOZ AZUCARADOS X 2.5 KG (B4);no;0;;1;
542;OVNI ALMOHADITAS  FRUTILLA X 2.5 (B4);no;0;;2;
543;OVNI PAPAS FRITAS X 500 (B6);no;0;;0;
544;OVNI MANI SALADO/PELADO X 5 KG;no;1;;0;
545;OVNI ALMOHADITAS FRUTI X 180 (B32);no;2;;16;
546;OVNI ALMOHADITAS LIMON X 180 (B20);no;1;;14;
547;OVNI PALITOS GALACTICOS X 800 (B6);no;1;;4;
548;OVNI ALMOHADITAS CHOCO X 2.5 (B4);no;4;;0;
549;OVNI CHIZITOS X 120 GRS (B10);no;17;;5;
550;OVNI PALITOS GALACTICOS X 150 (B25);no;5;;20;
551;OVNI PIZZETA GALACTICA X 100 (B15);no;4;;14;
552;OVNI SERRANITOS GALACTICOS X 150 (B15);no;4;;0;
553;OVNI CONITOS GALACTICOS X 180 (B15);no;8;;0;
554;OVNI ANILLITOS MAIZ COLOR X 1 KG (B10);no;0;;0;
555;OVNI AROS CEBOLLA GALACTICOS X 60 (B12);no;5;;6;
557;OVNI COPOS SIN AZUCAR X 2.5 KG (B4);no;0;;1;
558;OVNI ALMOHADITAS LIMON X 2.5 KG (B4);no;0;;0;
559;OVNI ANILLITOS FRUTALES X 2.5 KG (B4);no;0;;0;
560;KINDER SORPRESA X 20 GRS (B24);no;8;;10;
561;KINDER JOY (B24);no;0;;0;
562;KINDER BUENO CHOCOLATE (B20);no;0;;0;
563;KINDER BUENO WHITE (B20);no;0;;0;
564;KINDER CHOCOLATE T1 (CAJA X 24 UNID);no;0;;0;
565;KINDER CHOCOLATE T4 (B20);no;0;;0;
566;KINDER MAXI X 21 GRS (CAJA X 10 UNID);no;0;;0;
567;KINDER MIRACULOUS / MINIONS X 100 GRS;no;0;;0;
568;KINDER GRAN SORPRESA ELLAS/ELLOS - NATOO X 150 GRS;no;0;;0;
569;FERRERO ROCHER T 3 (B16);no;0;;0;
570;FERRERO ROCHER T4 (B20);no;0;;0;
571;FERRERO ROCHER T 8 (B20);no;0;;0;
572;FERRERO ROCHER T 12 (B9);no;0;;0;
573;FERRERO ROCHER T16  (B20);no;0;;0;
574;FERRERO ROCHER T 24 (B4);no;0;;0;
577;FERRERO ROCHER HUEVO X 225 GRS;no;0;;0;
579;NUTELLA X 140 (B10);no;0;;0;
580;NUTELLA X 350 GRS (B10);no;0;;0;
581;TIC TAC FRUTILLA DUPLA (B24);no;0;;0;
583;TIC TAC MIX SANDIA (B24);no;0;;0;
585;TIC TAC MENTA INTENSA(B24);no;0;;0;
586;TIC TAC MENTA (B24);no;0;;0;
587;TIC TAC MIX DE FRUTAS (B24);no;0;;0;
588;TIC TAC NARANJA (B24);no;0;;0;
590;NUTELLA X 3KG. (B1);no;0;;0;
591;PITUCO ALFAJOR NEGRO (B24);no;17;;0;
592;PITUCO ALFAJOR BLANCO (B24);no;24;;0;
620;TONUTTI MOZZARELLA;no;137;;0;
623;TONUTTI QUESO ROMANO;no;7;;0;
624;TONUTTI QUESO SARDO;no;23;;0;
625;LA QUESERA QUESO AZUL;no;75;;0;
626;LA QUESERA PARMESANO;no;1;;0;
628;LA QUESERA QUESO RALLADO X 40 (B20);no;680;;10;
629;LA QUESERA QUESO RALLADO X 100 (B50);no;0;;12;
630;QUESO SARDO BLANCO ALBOR;no;1;;0;
631;LA QUESERA CHEDDAR POUCH X 3 KG;no;47;;0;
632;LA QUESERA PROVOLONE;no;1;;0;
633;LA QUESERA QUESO BLANCO X 4 KG (1);no;0;;0;
634;LA QUESERA CHEDDAR EN BARRA P/F;no;6;;0;
640;MUZZARELA CILINDRO MONTECARLO X 5;no;0;;0;
642;SARDO LA ENTRERRIANA;no;99;;0;
643;QUESITO CASERO TIPO HOLANDA;no;0;;0;
644;LA QUESERA Q CREMA CLASICO (B12) ;no;6;;9;
645;LA QUESERA Q.CREMA LIGHT (B12);no;1;;11;
646;LA QUESERA UNTABLE CLASICO (B12);no;5;;7;
647;LA QUESERA UNTABLE AZUL (B12);no;2;;4;
648;LA QUESERA UNTABLE GRUYERE (B12);no;3;;1;
649;LA QUESERA UNTABLE JAMON (B12);no;1;;9;
650;ABICO QUESO CREMOSO;no;0;;0;
651;ABICO QUESO PATEGRAS SANDWICH;no;0;;0;
652;ABICO QUESO SARDO NEGRO;no;0;;0;
653;ABICO RICOTTA HORMA;no;0;;0;
654;ABICO MUZARELLA CILINDRO;no;28;;0;
679;BRAVA HAMBURGUESA SUPER X 2;no;0;;0;
687;VAN JUGO DE LIMON X 500 (B12);no;14;;1;
688;VAN SALSA CAESAR X 350 (B12);no;6;;7;
689;VAN SALSA RANCH X 350 (B12);no;3;;7;
690;VAN ACEIT BALDE N° 0 X 5 KG;no;9;;0;
691;VAN ACEIT BALDE N° 1 X 5 KG;no;11;;0;
692;VAN ACEIT VERDE FRASCO X 330 (12);no;5;;4;
693;VAN ACEIT VERDE SACHET X 300 (28);no;10;;26;
694;VAN ACEIT. SACHET X 150 (B.48);no;0;;0;
695;VAN ACEIT BALDE RELLENA X 5KG;no;0;;0;
696;VAN ACEIT. RELLENA FRASCO (B12);no;8;;5;
697;VAN ACEIT. RELLENA SACHET X 300 (B28);no;7;;18;
698;VAN ACEIT. RELLENA SACHET X 150 (B18);no;0;;0;
699;VAN ACEIT DESCAROZADA X 4 KG;no;0;;0;
700;VAN ACEIT. DESCAROZ. FRASCO (B12);no;7;;4;
701;VAN ACEIT. DESCAR SACHET X 300 (B28);no;1;;6;
702;VAN ACEIT. DESCAR SACHET X 150 (B18);no;0;;0;
703;VAN ACEIT BALDE RODAJAS X 4 KG;no;0;;0;
704;VAN ACEIT NEGRA BALDE X 5 KG;no;0;;0;
705;VAN AJIES DESPUNT. FRASCO (B12);no;0;;0;
706;VAN CEBOLLITA FRASCO (B12);no;7;;8;
707;VAN PEPINILLOS FRASCO (B12);no;0;;0;
708;VAN PICKLES FRASCO (B12);no;6;;8;
709;VAN PICKLE DOYPACK X 300 (B28);no;3;;12;
710;VAN CHIMICHURRI CLASICO (B12);no;34;;2;
711;VAN CHIMICHURRI AHUMADO (B12);no;45;;6;
712;VAN CHIMICHURRI PICANTE (B12);no;28;;5;
713;VAN SALSA AJI SUAVE (B12);no;4;;8;
714;VAN SALSA AJO (B12);no;4;;1;
715;VAN SALSA CRIOLLA (B12);no;4;;0;
716;VAN SALSA PROVENSAL (B12);no;5;;4;
717;VAN SALSA SOJA (B12);no;0;;0;
718;VAN SALSA INGLESA (B12);no;2;;4;
719;VAN SALSA FILETTO FRASCO (B12);no;4;;8;
720;VAN SALSA NAPOLITANA FRASCO (B12);no;6;;10;
721;VAN SALSA P/PIZZA FRASCO (B12);no;10;;2;
722;VAN SALSA POMAROLA FRASCO (B12);no;6;;2;
723;VAN SALSA PORTUGUESA FRASCO (B12);no;7;;1;
724;VAN ACEIT. POTE X 1 KG;no;15;;0;
725;VAN ACEIT. DESCAR. POTE X 1 KG;no;23;;0;
726;VAN ACEIT. NEGRA POTE X 1 KG;no;0;;0;
727;VAN BERENJENAS EN ESCABECHE (B12);no;1;;7;
728;VAN ACEITE OLIVA X 500 (B12);no;1;;8;
729;VAN KETCHUP PICANTE X 390 (B12);no;1;;6;
730;VAN CHUCRUT FRASCO X 600 (B12);no;1;;0;
750;VERIZZIA FIDEO CODO (B12);no;76;;5;
751;VERIZZIA FIDEO DEDALITO (B15);no;166;;6;
752;VERIZZIA FIDEO MOSTACHOL (B12);no;172;;8;
753;VERIZZIA FIDEO RIGATONI (B12);no;57;;2;
754;VERIZZIA FIDEO SPAGUETTI (B12);no;98;;1;
755;VERIZZIA FIDEO TALLARIN (B12);no;181;;0;
756;VERIZZIA FIDEO TIRABUZON (B12);no;172;;6;
757;VERIZZIA POLENTA (B12);no;0;;3;
758;VERIZZIA GARBANZOS (B12);no;11;;7;
759;VERIZZIA LENTEJAS (B12);no;0;;3;
760;VERIZZIA MAIZ PISINGALLO (B12);no;128;;6;
761;MC ARVEJAS X 2 KG;no;0;;0;
762;MC BROCOLI X 2 KG X4;no;0;;0;
764;MC CAIN ESPINACA X 2 KG (B4);no;0;;1;
765;MC CAIN CHAUCHA X 2 KG;no;0;;0;
766;MC CAIN CHOCLO X 2 KG;no;0;;0;
767;MC CAIN PICKERS MUZZA X 2 KG (B4);no;0;;1;
768;MC CAIN GUACAMOLE X 450 GRS (B12);no;0;;0;
769;MC CAIN;no;0;;0;
770;MC CAIN AROS DE PAPA X 1.5 KG (B4);no;0;;0;
771;MC CAIN PAPAS TRADIC X 2.5 KG (B6);no;39;;4;
772;MC CAIN PAPAS TRADIC X 1 KG (B12);no;0;;0;
773;MC CAIN PAPAS TRADIC X 700 (B12);no;4;;1;
774;MC CAIN PAPAS TRADIC X 400 (B12);no;4;;3;
775;MC CAIN PAPAS CORTE FINO X 2.25 (B8);no;16;;6;
776;MC CAIN PAPAS C. CASERO X 2.5 (B6);no;0;;0;
777;MC PAPAS GASTRONOMICO X 2.5 (B6);no;22;;5;
778;MC CAIN SURE CRISP X 2.5 KG (B6);no;46;;1;
779;MC CAIN PAPAS CRIKLES X 2500GR (B6);no;14;;2;
780;MC CAIN PAPAS CRINKLE X 400 (B12);no;2;;9;
781;MC CAIN CRISPERS X 2.5 KG (B6);no;0;;0;
782;MC CAIN ONE FRY PAPAS X 2.5 KG (B6);no;0;;3;
783;MC CAIN ONE FRY PAPAS X 700 (B12);no;120;;0;
784;MC CAIN PAPAS SMILES X 1.5 KG (B6);no;17;;0;
785;MC CAIN PAPAS NOISETTES X 600 (B12);no;5;;8;
786;MC CAIN PAPAS NOISETTE JAM/QUESO X 500 (B12);no;11;;6;
787;MC CAIN EMOTICONES X 1.5 KG (B4);no;0;;0;
788;MC CAIN PAPAS NOISETTES X 2.5 KG (B4);no;14;;1;
789;MC CAIN PAPAS CORTE RUSTICAS X 720 (B12);no;0;;0;
790;MC CAIN PAPAS HORNEAB X 700 (B12);no;3;;4;
791;MC CAIN PAPAS P/ HORNO X 720 (B12);no;0;;0;
792;MC CAIN SMILES X 700 (B12);no;0;;0;
794;MC CAIN PAPAS TRAD X 1.5 KG (B10);no;0;;0;
795;SIBARITA PIZZA MUZZARELLA X 680 GRS;no;0;;0;
796;MC CAIN AROS DE CEBOLLA X 1 KG (B10);no;0;;6;
797;MC PICKERS PAPRIKA Y PEPPER X 2 (B3);no;0;;0;
798;MC PICKERS TRIANG MUZZA X 2KG (B3);no;0;;0;
799;MC BITE CHEDDAR Y PANCETA X 2KG (B3);no;2;;1;
800;MC BRITE ESPINACA Y QUESO X 2KG (B3);no;4;;2;
801;PAULI CREMA X 200 (12);no;0;;0;
802;PAULI CREMA X 350 (12);no;0;;0;
803;PAULI CHEDDAR SACHET X 3.7 KG;no;3;;0;
804;PAULI DULCE LECHE X 250 (B24);no;2;;16;
805;PAULI DULCE LECHE X 400 TRAD. (B12);no;2;;6;
806;PAULI DULCE LECHE X 400 REPOST (B12);no;0;;8;
807;PAULI DULCE LECHE X 1 KG TRADIC (B6);no;3;;4;
808;PAULI DULCE LECHE X 1KG REPOST (B6);no;0;;0;
809;PAULI MANTECA X 100 GRS (B60);no;31;;0;
810;PAULI MANTECA X 200 GRS (B30);no;21;;0;
811;PAULI UNTABLE 4 QUESOS (B12);no;2;;0;
812;PAULI UNTABLE AZUL (B12);no;4;;0;
813;PAULI UNTABLE CLASICO (B12);no;16;;3;
814;PAULI UNTABLE CHEDDAR (B12);no;1;;6;
815;PAULI UNTABLE FONTINA (B12);no;0;;2;
816;PAULI UNTABLE JAMON (B12);no;2;;8;
817;PAULI UNTABLE MAGRO (B12);no;0;;-2;
818;PAULI UNTABLE P/SALUT CLASICO (B12);no;3;;5;
819;PAULI UNTABLE P/SALUT LIGHT (B12);no;10;;4;
820;PAULI QUESO CREMA CLASICO (B12);no;23;;6;
821;PAULI QUESO CREMA LIGHT (B12);no;13;;8;
822;PAULI QUESO CREMA CIBOLULETTE (B12);no;0;;9;
823;PAULI QUESO CREMA ALI OLI (B12);no;0;;11;
824;PAULI QUESO HEBRA ITALIANO (B12);no;1;;1;
825;PAULI QUESO HEBRA ITALI LIGHT (B12);no;1;;0;
826;PAULI QUESO HEBRA PARMESANO (B12);no;0;;9;
827;PAULI QUESO HEBRAS CHEDDAR (B12);no;1;;0;
828;PAULI QUESO RALLADO X 40 (B20);no;0;;-2;
829;PAULI QUESO RALLADO X 150 (B30);no;0;;5;
830;PAULI LECHE EN POLVO X 800 (B10);no;33;;9;
831;PAULINA QUESO DAMBO;no;116;;0;
832;PAULINA BARRA SANDWICH;no;22;;0;
833;PAULINA QUESO TYBO;no;2;;0;
834;PAULINA QUESO CREMOSO;no;339;;0;
835;PAULINA QUESO CREMOSO DOBLE CREMA;no;13;;0;
836;PAULINA REGGIANITO TROZADO;no;3;;0;
837;PAULINA QUESO POR SALUT;no;3;;0;
838;PAULINA QUESO POR SALUT LIGHT;no;0;;0;
839;PAULINA QUESO SARDO;no;4;;0;
840;PAULINA MUZZARELA P/ FETEAR;no;19;;0;
841;PAULINA SARDO TROZADO X KG;no;11;;0;
842;PAULINA QUESO FONTINA;no;0;;0;
843;PAULINA QUESO PATEGRAS;no;53;;0;
844;PAULINA QUESO REGGIO;no;2;;0;
845;PAULINA QUESO GOYA EDICION ESPECIAL;no;5;;0;
846;PAULINA QUESO PROVOLONE HILADO;no;5;;0;
847;PAULINA CHEDDAR P/ FETEAR;no;6;;0;
848;PAULINA MANTECA X 500 GRS (B12);no;4;;7;
849;PAULINA LECHE ALMENDRA X LT (B12);no;0;;0;
850;MF YOGUR FRUTILLA X 1 LTS (B18);no;0;;3;
851;MF YOGUR VAINILLA X 1 LTS (B18);no;0;;0;
852;MF YOGUR DURAZNO X 1 LTS (B18);no;0;;0;
853;MF YOGUR BANANA X 1 LTS (B18);no;0;;0;
854;MF YOG FRUTOS/BOSQUE X 1 LTS (B18);no;0;;0;
855;MF YOGUR FIRME FRUTILLA (B20);no;0;;9;
856;MF YOGUR FIRME VAINILLA (B20);no;0;;0;
857;MF YOGUR FIRME DULCE LECHE (B20);no;0;;0;
858;MF YOGUR CON CEREAL (B20);no;0;;0;
859;MF YOGUR AROS FRUTALES (B20);no;0;;0;
860;MF YOGUR TROZO FRUTILLA (B20);no;0;;7;
861;MF YOGUR TROZO FRUTOS BOSQUE (B20);no;0;;0;
862;MF YOGUR TROZO DURAZNO (B20);no;0;;3;
865;MF FLAN X 120 GRS (B20);no;0;;0;
866;MF POSTRE VAINILLA X 120 (B20);no;0;;0;
867;MF POSTRE DULCE LECHE X 120 (B20);no;0;;0;
868;MF UNTABLES POR SALUT LIGHT (B24);no;0;;0;
869;MF UNTABLES JAMON (B24);no;0;;0;
870;MF UNTABLES SALAME (B24);no;0;;0;
871;MF UNTABLES AZUL (B24);no;0;;0;
872;MF UNTABLES GRUYERE (B24);no;0;;0;
873;MF UNTABLES CHEDDAR (B24);no;0;;0;
874;MF DULCE LECHE X 250 (B24);no;0;;4;
875;MF DULCE LECHE X 400 TRADIC (B24);no;0;;6;
876;MF DULCE LECHE TRADIC X 1 KG (B12);no;0;;0;
877;MF DULCE LECHE REPOST X 400 (B24);no;0;;0;
878;MF DULCE LECHE REPOST X 1 KG (B12);no;0;;0;
879;MF DULCE LECHE REPOSTERO X 5 KG;no;0;;0;
880;MF DULCE LECHE REPOSTERO X 10 KG;no;0;;0;
881;MF DULCE LECHE MINI X 108 UNID;no;0;;0;
882;GRANJA ORO DULCE LECHE X 250 (B24);no;0;;0;
883;MF LECHE SACHET ENTERA X 1 LTS (B18);no;0;;0;
884;MF LECHE SACHET DESCRE X 1 LTS (B18);no;0;;0;
885;MF LECHE UAT ENTERA X 1 LTS (B12);no;0;;0;
886;MF LECHE UAT DESCRE X 1 LTS (B12);no;0;;0;
887;MF YOGUR CON GRANOLA (20);no;0;;0;
888;MF QUESO RALLADO X 40 (B20);no;0;;0;
889;MF MANTECA X 100 GRS (B60);no;0;;0;
890;MF MERMEL DURAZNO MINI X 108 UNID;no;1;;0;
891;MF MERMEL FRUTILLA MINI X 108 UNID;no;0;;0;
892;MF MANTECA MINI X 100 UNID;no;1;;0;
893;MF UNTABLE MINI X 108 UNID;no;0;;0;
894;MF CREMA X 200 (B24);no;0;;0;
895;PAULINA CREMA X 5 LITROS;no;3;;0;
896;TARRAGONA CHOCLO GRANO X 340 (B24);no;1;;2;
897;MONTENEVI LENTEJA X 340 (24);no;4;;17;
898;MONTENEVI CHOCLO CREMOSO X 340 (24);no;15;;15;
899;MONTENEVI PURE TOMATE X 520 (B12);no;27;;6;
900;MONTENEVI ARVEJAS X 340 (24);no;1;;2;
901;MONTENEVI PULPA TOMATE X 520 (B12);no;1;;7;
902;MONTENEVI POROTOS X 340 (B24);no;0;;0;
903;MONTENEVI GARBANZOS X 340 (B24);no;0;;-1;
904;PAULI QUESO RALLADO X 450 GRS (B12);no;2;;6;
905;PAULI UNTABLE SALAME (B12);no;3;;3;
906;PAULI DOBLE QUESO CREMA X 250 (B12);no;1;;0;
907;PAULI QUESO CREMA PANCETA X 250 (B12);no;0;;0;
908;PAULI QUESO CREMA JALAPEÑO X 250 (12);no;0;;0;
909;PAULI Q. HEBRAS PARMESANO X 1 KG (B12);no;0;;6;
920;DESOCUPADO;no;0;;0;
922;SAL CELUSAL MINI;no;8;;0;
923;PAULINA QUESO GOUDA TROZADO;no;5;;0;
924;PAULINA QUESO CREMA POUCH X 4 KG;no;-4;;0;
925;RICREM QUESO CREMOSO;no;-2;;0;
926;RICREM QUESO DAMBO;no;101;;0;
927;RICREM Q.CREMA CLASICO (B12);no;0;;-1;
928;RICREM UNTABLE JAMON (B12);no;3;;7;
929;RICREM UNTABLE CLASICO (B12);no;3;;2;
931;ALMENDRAS X 100 GRS (B30);no;0;;0;
932;PASAS X 50 GRS (B30);no;3;;15;
933;PASAS X 100 GRS (B30);no;0;;4;
934;NUECES X 100 GRS (B30);no;0;;1;
935;CIRUELAS S/CAROZO X 250 GRS (B30);no;0;;6;
936;AZAFRAN EN CAPSULA X 2 GRS (B40);no;21;;36;
937;MIX DE FRUTAS POTE X 100 GRS;no;0;;0;
945;PAN SUPERPANCHO X UNIDAD;no;0;;0;
950;...............;no;0;;0;
951;CAJA NAVIDEÑA COMERCIOS 2023;no;-9;;0;
952;EXHIBIDOR KINDER TRIPLE BANDEJA;no;45;;0;
953;EXHIBIDOR FERRERO DORADO;no;30;;0;
954;EXHIBIDOR KINDER BUENO ROJO;no;47;;0;
955;EXHIBIDOR NUTELLA/ KINDER CHOCOLATE;no;103;;0;
956;EXHIBIDOR TIC TAC VERDE PLASTICO;no;-8;;0;
960;MC CAIN SURE CRISP CORTE FINO X 2.25 (8);no;0;;0;
961;YOVIN AC VERDES X 100 GR (B12);no;61;;6;
962;YOVIN AC VERDES X 180 GR (B12);no;33;;6;
964;YOVIN AC DESCAR X 80 GR (B12);no;51;;11;
965;YOVIN AC DESCAR X 150 GR (B12);no;31;;2;
967;YOVIN AC RELLENAS X 80 GR (B12);no;11;;10;
968;YOVIN AC RELLENAS X 160 GR (B12);no;16;;2;
970;YOVIN AC FILETEADAS X 80 GR (B12);no;5;;10;
971;YOVIN AC PIZZERA CHICA X 5 KG;no;15;;0;
972;YOVIN AC PIZZERA MEDIANA X 5 KG ;no;0;;0;
973;YOVIN AC PIZZERA GRANDE X 5;no;1;;0;
975;YOVIN PICKLES X 100 GR (B12);no;12;;1;
976;YOVIN PICKLES X 150 GR (B12);no;12;;7;
977;YOVIN PICKLES FRASCO X 330 (B12);no;12;;2;
978;YOVIN CEBOLLITAS X 100 GR (B12);no;12;;0;
979;YOVIN CEBOLLITAS X 180 GR (B12);no;10;;0;
980;YOVIN CEBOLLITAS FRASCO X 330 (B12);no;8;;11;
981;YOVIN PEPINITOS X 100 GR (B12);no;13;;10;
982;YOVIN PEPINITOS X 180 GR (B12);no;7;;8;
983;YOVIN PEPINITOS FRASCO X 330 (B12);no;6;;5;
984;YOVIN BERENJENAS X 100 GR (B12);no;13;;7;
985;YOVIN BERENJENAS X 180 GR (B12);no;9;;5;
986;YOVIN BERENJENAS FRASCO X 330 (B12);no;6;;0;
987;YOVIN AJIES VIN. FRASCO X 330 (B12);no;7;;4;
988;YOVIN FILET ANCHOAS X 50 GR (B12);no;10;;7;
1010;MC CAIN EMOTICONS X 600 (B12);no;0;;0;
1015;CAJA DE REGALO FAMILIAR;no;1;;0;
1016;CAJA DE REGALO EMPRESARIAL;no;3;;0;
1050;MANTECA P.PREMIO X 100 GRS (B30);no;101;;15;
1051;MANTECA P.PREMIO X 200 GRS (B15);no;161;;14;
1052;MANTECA P.PREMIO GASTR (100 UNID);no;-4;;0;
1053;MANTECA P.PREMIO X 2.5 KG (B8);no;1;;2;
1100;CHEV AJI MOLIDO X 25 GR (B15);no;7;;5;
1101;CHEV AJO GRANULADO X 50 GR (15);no;11;;0;
1102;CHEV ALBAHACA X 25 GR (20);no;15;;10;
1103;CHEV BICARBONATO X 40 GR (B20);no;5;;5;
1104;CHEV CHIMICHURRI X 25 GR (B15);no;12;;10;
1105;CHEV COMINO MOLIDO X 25 GR (B20);no;3;;5;
1106;CHEV COND. PARA CARNE X 25 GR (B15);no;10;;0;
1107;CHEV OREGANO X 25 GR (B20);no;41;;15;
1108;CHEV PROVENZAL X 25 GR (B15);no;57;;10;
1109;CHEV PEREJIL X 25 GR (B20);no;16;;0;
1110;CHEV PIMENTON X 25 GR (B20);no;13;;10;
1111;CHEV COND. PARA PIZZA X 25 GR (B15);no;29;;0;
1112;CHEV PIM. BLANCA MOLIDA X 25 GR (B20);no;3;;5;
1113;CHEV PIM. NEGRA MOLIDA X 25 GR (B20);no;7;;15;
1114;CHEV NUEZ MOSCADA MOLIDA X 25 GR (B20);no;9;;0;
1115;CHEV CONDIMENTO P/ ARROZ X 25 GR (B20);no;16;;5;
1119;CHEV PURE DE PAPAS X 125 GR (B12);no;45;;3;
1120;CHEV ALMIDON MAIZ X 200 GR (B20);no;8;;4;
1121;CHEV AZUCAR IMPALPABLE X 200 GR (B25);no;14;;12;
1122;CHEV AZUCAR NEGRO FANT. X 200 GR (B12);no;3;;0;
1123;CHEV CHANTILLY EN POLVO X 50 GR (B12);no;24;;9;
1124;CHEV COCO RALLADO X 50 GR (B20);no;17;;7;
1125;CHEV POLVO HORNEAR X 50 GR (B15);no;12;;0;
1126;CHEV SALSA BLANCA X 40 GR (B15);no;22;;5;
1127;CHEV PASAS DE UVA X 100 GRS (20);no;0;;19;
1128;CHEV SAL ENTREFINA C/ESPECIEAS X 400 (B12);no;3;;2;
1129;CHEV CAFÉ EN SAQUITOS (B25);no;4;;23;
1130;CHEV TE NEGRO EN SAQUITOS (B25);no;12;;13;
1131;CHEV MATE COCIDO EN SAQUITOS (B25);no;11;;2;
1132;CHEV TE DE MANZANILLA EN SAQUITOS (B10);no;10;;0;
1133;CHEV TE MEZCLA HIERBAS EN SAQUTOS (B10);no;9;;0;
1134;CHEV TE DE BOLDO EN SAQUITOS (B10);no;10;;7;
1197;EXHIBIDOR ESPECIAS  CHEV 28 POSICIONES CON BASE;no;0;;0;
1198;EXHIBIDOR ESPECIAS  CHEV 28 POS. COLGANTE;no;2;;0;
1199;EXHIBIDOR ESPECIAS CHEV 12 POS. COLGANTE;no;13;;0;
1200;ARROZ EL CHEFF 00000 X 1KG (B10);no;171;;0;
1201;ARROZ D.ERNESTO 00000 X 1KG (B10);no;311;;0;
1202;ARROZ FIN-K 0000 X 1KG (B10);no;197;;0;
1206;ARROZ EL CHEFF 00000 X 500GR (B10);no;99;;0;
1207;ARROZ D.ERNESTO 00000 X 500GR (B10);no;1;;0;
1208;ARROZ FIN-K 0000 X 500GR (B10);no;0;;0;
1250;BOLICROK PALITO SALADO X 800 GRS;no;2;;0;
1251;BOLICROK PALITO JAMON X 800 GRS;no;31;;0;
1252;BOLICROK PALITO PIZZA X 800 GRS;no;39;;0;
1253;BOLICROK PALITO QUESO X 800 GRS;no;19;;0;
1254;BOLICROK PALITO SALAME X 800 GRS;no;41;;0;
1255;BOLICROK MANI CROC. SALADO X 1 KG;no;3;;0;
1256;BOLICROK MANI CROC. JAMON X 1 KG;no;65;;0;
1257;BOLICROK MANI CROC. PIZZA X 1 KG;no;76;;0;
1258;BOLICROK MANI CROC. QUESO X 1 KG;no;25;;0;
1259;BOLICROK MANI CROC. SALAME X 1 KG;no;39;;0;
1260;BOLICROK MANI CLASI. C/ PIEL X 1 KG;no;20;;0;
1261;BOLICROK MANI SALADO SIN PIEL  X 1 KG;no;8;;0;
2000;ALOHA FRUHU FRUTILLA X 80CC (B22);no;17;2;0;
2001;ALOHA FRUHU MARACUYA X 80CC (B22);no;1;2;0;
2002;ALOHA FRUHU LIMON X 80CC (B22);no;11;2;0;
2003;ALOHA CREMISSIMO DDL X 60CC (B27);no;12;2;0;
2004;ALOHA CREMISSIMO FRUTILLA X 60CC (B27);no;40;2;0;
2005;ALOHA CREMISSIMO CHOCOLATE X 60CC (B27);no;14;2;0;
2006;ALOHA CREMISSIMO AMERICANA X 60CC (B27);no;33;2;0;
2013;ALOHA GRANIBON X 80CC (B24);no;33;2;0;
2014;ALOHA MAXUI ALMENDRAS X 80CC (B16);no;-1;2;0;
2015;ALOHA MAXUI BLANCO X 80CC (B16);no;6;2;0;
2016;ALOHA MAXUI CHOCO DUO X 80CC (B16)   ;no;1;2;0;
2017;ALOHA CONO OSADA X 140CC (B14);no;2;2;0;
2018;ALOHA PALITO OSADA X 80CC (B16);no;5;2;0;
2019;ALOHA WAICUP OSADA X 200CC (B12)   ;no;11;2;6;
2020;ALOHA CHOCOBANA X 80CC (B20);no;33;2;0;
2021;ALOHA PALITO BOMBON X 60CC (B27);no;10;2;0;
2022;ALOHA SUPER BOMBON CROCANTE X 80CC (B24);no;24;2;0;
2023;ALOHA SCRUM BLACK (AMERIC) X 140CC (B14);no;4;2;0;
2024;ALOHA SCRUM WHITE (CHOCOL) X 140 CC (B14);no;0;2;0;
2025;ALOHA SCRUM BLACK (DDL) X 140CC (B14);no;5;2;0;
2026;ALOHA CONOBOLA DDL CROC. X 100CC (B14);no;5;2;0;
2027;ALOHA CONOBOLA AMERICANA X 100CC (B14) ;no;10;2;0;
2028;ALOHA WAICUP FRUT/AMER X 200CC (B12);no;14;2;5;
2029;ALOHA WAICUP BANANA SPLIT X 200CC (B12);no;25;2;0;
2030;ALOHA WAICUP FRAMB GRANIZ X 200CC (B12);no;0;2;6;
2031;ALOHA TOUCH ME MENTA X 110GR (B12);no;0;3;0;
2032;ALOHA TOUCH ME DULCE LECHE X 110GR (B12);no;2;3;8;
2033;ALOHA TOUCH FRAMBUESA X 110GR (B12);no;2;3;3;
2034;ALOHA TOUCH AMERICANA X 110GR (B12);no;2;3;3;
2035;ALOHA ALFAJOR GRANIZ BLACK 8U X 80GR (B6);no;15;2;0;
2036;ALOHA ALFAJOR DDL BLACK 8U X 80GR (B6);no;17;2;1;
2037;ALOHA LA DIEZ X 60GR (B27);no;0;2;0;
2038;ALOHA DOOPLY FRUTI-YOGUR X 50CC (B36);no;14;2;0;
2039;ALOHA VOODOO AMER C/SALSA DDL X 65CC (B24) ;no;0;2;0;
2040;ALOHA MINIKUA FRUTI-AMER X 90 CC (B24);no;12;2;0;
2041;ALOHA MINIKUA DDL-VAINILLA X 90CC (B24);no;15;2;0;
2042;ALOHA BOMBON ESCOCES 8U X 85GR (B6);no;1;2;2;
2043;ALOHA BOMBON ESCOCES BLANCO 8U X 85GR (B6);no;0;2;3;
2044;ALOHA BOMBON SUIZO 8U X 85GR (B6);no;0;2;0;
2045;ALOHA ALMENDRADO 8U X 85GR (B6);no;3;2;4;
2046;ALOHA TRIHELADO (CH-V-F) 8U X 75GR (B6);no;5;2;5;
2047;ALOHA TORTA CHOCO-DULCE X 900GR (B6);no;0;3;0;
2048;ALOHA TORTA AMERIC-FRUTI X 900GR (B6);no;4;3;1;
2049;ALOHA TORTA OSADA X 900GR (B6);no;0;3;-1;
2050;ALOHA TORTA CHOCORRICA X 900 GR (B6);no;2;3;1;
2051;ALOHA POSTRE MAJESTUOSO X 650GR (B12);no;0;2;7;
2052;ALOHA POTE CHOCO C/MANI X 650ML (B12);no;1;2;11;
2053;ALOHA POTE AMERI C/FRUT BOSQ X 650ML (B12);no;1;2;10;
2054;ALOHA POTE DDL TENTACION X 650 ML (B12);no;0;2;10;
2055;ALOHA POTE OSADA X 650ML (B12);no;4;2;7;
2056;ALOHA POSTRE FINERY (BAN SPLIT) X 500GR (B16);no;0;2;10;
2057;ALOHA POSTRE FINERY (FRUT-AMER) X 500GR (B16);no;0;2;8;
2058;ALOHA BALDE 3L 4S ROJO (DLG-CH-AM-FR) ;no;6;3;0;
2059;ALOHA BALDE 3L 4S VERDE (FR-DL-VAI-TR);no;8;3;0;
2060;ALOHA BALDE 3L 4S AMARILLO (BS-DL-V-TIR);no;8;3;0;
2061;ALOHA BALDE 3L 4S MARRON (CH-GR-V-DL);no;9;3;0;
2064;ALOHA BALDE 5L 4S AMARILLO (BS-DL-V-TIR);no;1;;0;
2065;ALOHA BALDE 5L 4S VERDE (FR-DL-VAI-TR);no;0;3;0;
2066;ALOHA BALDE 5L 4S ROJO (DLG-CH-AM-FR);no;7;5;0;
2070;ALOHA ALMENDRADO GAST 30 X 80GR ;no;2;2;0;
2071;ALOHA ALF DDL BLACK GASTRO 18 X 80GR ;no;10;2;0;
2072;ALOHA BOMBON ESCOCES GASTRO 16 X 85GR ;no;0;2;0;
2073;ALOHA BOMBON ESCOCES BLANCO GAST 16 X 85GR;no;0;2;0;
2074;ALOHA BOMBON SUIZO GASTRO 30 X 80GR ;no;0;2;0;
2075;ALOHA TRIHELADO GASTRO (CH-V-F) 30 X 80GR;no;0;2;0;
2076;ALOHA ALF GRANIZ BLACK GASTRO 18 X 80GR;no;1;2;0;
2077;ALOHA PALITO DIET AMERICANA 27X60 (B27);no;5;2;0;
2078;ALOHA PALITO DIET FRUTILLA 27X60 (B27);no;3;2;0;
2080;FRESH BALDE 3L 3S VERDE (GR-F-DL);no;37;3;0;
2081;FRESH BALDE 3L 3S FUXIA (F-SDL-V);no;39;3;0;
2082;FRESH BALDE 3L 3S TURQUESA (DLG-CH-A);no;45;3;0;
2083;FRESH BALDE 3L 4S NARANJA (DL-A FL-TI);no;36;3;0;
2086;FRESH POTE (T) CHOCO-FRUTI X 360 CC (B12);no;5;3;0;
2087;FRESH POTE (T) DDL-AMERICANA X 360CC (B12);no;25;3;0;
2091;FRESH PALITO CREMA FRUT-CHOCO X 50CC (B48);no;0;2;0;
2092;FRESH PALITO CREMA AMER-DDL X 50CC (B48);no;22;2;0;
2093;FRESH BOMBON HELADO X 50GR (B36);no;48;2;0;
2094;FRESH ENJOY ANANA-FRUTI X 50CC (B36);no;-1;2;0;
2095;FRESH ENJOY FRUTI-NARAN X 50CC (B36);no;45;2;0;
2096;FRESH POTE 1L (T) FUXIA (V-F-DDL) (B12);no;1;2;11;
2097;FRESH POTE 1L (T) TURQUESA (AM-CHO-DDL) (B12);no;7;;2;
2098;FRESH POTE 1L (T) VERDE (GRA-FRU-DDL) (B12);no;5;2;3;
2099;FRESH PALITO CREMA FRUT-CHOCO X 50CC (B36);no;15;2;24;
2100;FRESH PALITO CREMA AMER-DDL X 50CC (B36);no;30;2;0;
2107;ALOHA SURFY CHICLE X 50CC (B36);no;3;2;0;
2109;ALOHA SURFY NARA/MANGO X 50CC (B36);no;17;2;0;
2110;ALOHA SURFY FRUTILLA X 50CC (B36);no;-1;2;0;
2111;ALOHA SURFY LIMON X 50CC (B36);no;17;2;0;
2112;ALOHA SURFY UVA X 50CC (B36);no;2;2;0;
2200;LATA 10LTS GRANIZADO;no;3;2;0;
2201;LATA 10 LTS FLAN;no;0;2;0;
2202;LATA 10LTS TRAMONTANA;no;0;2;0;
2203;LATA 10LTS FRUTILLA A LA REINA;no;1;2;0;
2204;LATA 10LTS BANANA SPLIT;no;0;2;0;
2205;LATA 10LTS DULCE DE LECHE GRANIZADO ;no;5;2;0;
2206;LATA 10LTS AMERICANA CON OREO;no;2;2;0;
2207;LATA 10LTS DDL TENTACION;no;3;2;0;
2208;LATA 10LTS VAINILLA;no;1;5;0;
2209;LATA 10 LTS FRUTILLA A LA CREMA;no;0;5;0;
2210;LATA 10LTS DULCE DE LECHE;no;2;5;0;
2211;LATA 10LTS CHOCOLATE;no;2;5;0;
2212;LATA 10LTS AMERICANA;no;2;5;0;
2213;LATA 10LTS CREMA DEL CIELO;no;0;5;0;
2214;LATA 10LTS LIMON;no;1;5;0;
2215;LATA 6KGS CHOCOLATE NEVADO;no;0;5;0;
2216;LATA 6KGS MASCARPONE C/FRUTOS;no;0;5;0;
2217;LATA 6KGS MANTECOL;no;1;5;0;
2218;LATA 6KGS SELVA NEGRA;no;0;5;0;
2219;LATA 6KGS CREMA CHOCORRICA;no;0;5;0;
2220;LATA 6KGS CHOCOLATE CON ALMENDRAS;no;1;5;0;
2221;LATA 6KGS SUPER DULCE DE LECHE ;no;1;5;0;
9001;QUESO CREMOSO 1/2 HORMA TREGAR;no;5;;0;
9002;QUESO CREMOSO 1/2 HORMA REMANSO X KG;no;0;;0;
9003;QUESO DANBO 1/2 HORMA TREGAR X KG;no;1;;0;
9004;QUESO BARRA 1/2 HORMA REMANSO X KG;no;13;;0;
9005;QUESO P/SALUT 1/2 HORMA TREGAR X KG;no;-1;;0;
9006;QUESO P/SALUT LIGHT 1/2 HORMA X KG;no;2;;0;
9008;QUESO CRIOLLO TREGAR 1/2 HORMA X KG.;no;-5;;0;
9009;QUESO HOLANDA 1/2 HORMA TREGAR X KG.;no;4;;0;
9010;QUESO PATEGRAS 1/2 HORMA TREGAR X KG;no;0;;0;
9011;QUESO FONTINA 1/2 HORMA TREGAR X KG.;no;0;;0;
9012;QUESO AZUL 1/2 HORMA X KG.;no;0;;0;
9013;QUESO CHEDDAR 1/2 PIEZA X KG;no;0;;0;
9014;FONTINA TREGAR 1/4 PIEZA;no;0;;0;
9219;PIAM. SALAME MILAN 1/2 PIEZA;no;-1;;0;
9222;PIAM. SALAME CRESPON 1/2 PIEZA;no;0;;0;
9225;PIAM. MORTADELA BOLOGNA 1/2 PIEZA;no;2;;0;
9227;PIAM. JAMON COCIDO 1/2 PIEZA;no;1;;0;
9228;PIAM. F COC DE PATA CERDO 1/2 PIEZA;no;-1;;0;
9229;PIAM. PALETA DE CERDO 1/2 PIEZA;no;12;;0;
9230;PIAM. F PALETA CERDO 131 MEDIA PIEZA;no;9;;0;
9231;PIAM. PALETA P/ EMPAREDADO 131 MEDIA PIEZA;no;10;;0;
9232;PIAM. JAMON CRUDO SIN CUERO SIN HUESO MEDIA PIEZA;no;-1;;0;
9251;MORTADELA SOCHA 214 MEDIA PIEZA X KG.;no;0;;0;
9254;CA FIAMBRE PALETA CERDO 1/2 PIEZA;no;0;;0;
9255;CA JAMON COCIDO CERDO 1/2 PIEZA;no;0;;0;
9256;CA JAMON COCIDO NATURAL MILLENIUM MEDIA PIEZA;no;0;;0;
9259;CAB ANT BOLOGNA 1/2 PIEZA;no;0;;0;
9260;CENTURION PALETA COCIDA 1/2 PIEZA;no;0;;0;
9270;CAGNOLI FIAMBRE PATA 1/2 PIEZA;no;-1;;0;
9271;CAGNOLI JAMON COC 1/2 PIEZA;no;3;;0;
9273;CAGNOLI MILAN 1/2 PIEZA;no;0;;0;
9290;ALTEZZA PALETA 1/2 PIEZA;no;0;;0;
9291;CHACRA MILAN 1/2 PIEZA;no;0;;0;
9620;TONUTTI MOZZARELLA 1/2 PIEZA;no;2;;0;
9623;TONUTTI ROMANO 1/2 PIEZA;no;0;;0;
9624;TONUTTI SARDO 1/2 PIEZA;no;-8;;0;
9625;LA QUESERA QUESO AZUL 1/2 PIEZA;no;40;;0;
9630;QUESO SARDO ALBOR 1/2 PIEZA;no;0;;0;
9632;LA QUESERA PROVOLONE 1/2 PIEZA;no;0;;0;
9634;LA QUESERA PARMESANO MEDIA PIEZA;no;0;;0;
9642;QUESO SARDO LA ENTRER 1/2 PIEZA;no;0;;0;
9831;PAULINA DAMBO 1/2 PIEZA;no;1;;0;
9832;PAULINA SANDWICH 1/2 PIEZA;no;0;;0;
9833;PAULINA TYBO 1/2 PIEZA;no;0;;0;
9834;PAULINA CREMOSO 1/2 PIEZA;no;24;;0;
9835;PAULINA CREM DOBLE CREMA 1/2 PIEZA;no;0;;0;
9836;PAULINA CREMOSO RECREM 1/2 PIEZA;no;0;;0;
9837;PAULINA QUESO P/SALUT 1/2 PIEZA;no;0;;0;
9838;PAULINA P/SALUT LIGHT 1/2 PIEZA;no;0;;0;
9839;PAULINA MAGRO SIN SAL 1/2 PIEZA;no;0;;0;
9840;PAULINA MUZZA P/FETEAR 1/2 PIEZA;no;0;;0;
9842;PAULINA FONTINA 1/2 PIEZA;no;0;;0;
9843;PAULINA PATEGRAS 1/2 PIEZA;no;4;;0;
9844;PAULINA SARDO 1/2 PIEZA;no;0;;0;
9845;PAULINA GOYA ESPECIAL 1/2 PIEZA;no;0;;0;
9846;PAULINA PROVOLONE HILADO 1/2 PIEZA;no;1;;0;
9847;PAULINA CHEDDAR FETAS 1/2 PIEZA;no;1;;0;
9848;PAULINA FONTINA 1/4 PIEZA;no;0;;0;
22011;SIMPLOT PAPAS FRITAS X 700 GRS (B20);no;9;;16;
22013;SIMPLOT PAPAS FRITAS X 1.1 KG (B12);no;3;;7;
22015;SIMPLOT PAPAS STEAKH. X 700 (B20);no;1;;12;
22017;SIMPLOT PAPAS RUSTICAS X 2.5 KG (B7);no;0;;1;
22018;SIMPLOT PAPAS RUSTICAS X 700 (B20);no;4;;18;
22085;SIMPLOT PAPAS EXTRA CRUNCH X 700 (B20);no;6;;12;
22103;SADIA NUGGETS POLLO CROCANTE X KG;no;10;;0;
22123;SADIA PAVITA;no;0;;0;
22130;SIMPLOT PAPAS NOISETTES X 500 (B20);no;0;;1;
22133;SADIA PECHUGA REB X 3 KG;no;3;;0;
22135;SIMPLOT PAPAS C/FINO EXTRA CRUNCH (B18);no;7;;11;
22136;SADIA CHIKEN  FINGERS X 3 KG;no;0;;0;
22139;SADIA CHICKEN FINGERS  X 720GS (B8);no;0;;0;
22190;SIMPLOT AROS CEBOLLA X 500 (B22);no;0;;0;
22191;SIMPLOT PAPA COOL FRAIS X 2KG (B7);no;110;;5;
22207;SADIA JAMON CRUDO S/H C/C;no;0;;0;
22208;SADIA NUGGETS X 300 GRS (16);no;4;;0;
22250;SADIA SUPREMA POLLO X 480 (20);no;1;;18;
22260;SADINESA POLLO RELLENA X 100 (B30);no;0;;0;
22261;SADINESA DE POLLO X 100 GRS (45);no;1;;34;
22280;PLANT PLUS MEDALLONES DE SOJA X 2 (B12);no;1;;3;
22300;SADIA GOLDEN CHIKEN X 300 (B16);no;3;;13;
22301;SADIA ALITAS DE POLLO X 400 (B14);no;9;;3;
22302;SADIA TIRITAS DE POLLO X 300 (B12);no;3;;5;
22330;SADIA NUGGET SAURIO X 400 (B12);no;8;;6;
22331;SADIA NUGGET SAURIO X 900 (B7);no;5;;1;
22333;LASAGNA MIX DE QUESO X 350 (B12);no;0;;-1;
22334;LASAGNA BOLOGNESA X 350 (B12);no;0;;-2;
213163;GRASA FATY X 500 (B20);no;0;;0;
213171;GRASA FATY X 1 KG (B12);no;0;;0;
219437;PATYVIENA TIPO ALEMAN X 4 UNID (B17);no;0;;0;
236213;PATY SUPER COMERCIAL X 40 UNID;no;15;;0;
240121;PATY CLASICO X 20 UN. (B8);no;1;;2;
251099;GOOD MARK TRAD X 4 (B24);no;0;;0;
270256;GREEN LIFE ESPINACA X 550 GRS (B16);no;12;;9;
270257;GREEN LIFE CHOCLO X 350 GRS (B36);no;3;;23;
270258;GREEN LIFE ARVEJAS X 350 GRS (B36);no;2;;27;
270259;GREEN LIFE CHAUCHA X 350 GRS (B28);no;4;;0;
270260;GREEN LIFE ACELGA X 550 GRS (B16);no;11;;2;
270262;GREEN LIFE BROCOLI X 450 GRS (B12);no;7;;0;
270263;GREEN LIFE MIX PRIMAVERA X 350 (B28);no;3;;2;
270429;ESPINACA CATERING X 2.5 KG (B4);no;22;;3;
270430;ACELGA CATERING X 2.5 KG (B4);no;22;;0;
270431;CHAUCHAS CATERING 2.5 KG (B5);no;2;;1;
270432;BROCOLI CATERING X 2 KG (B3);no;3;;1;
270433;MIX PRIMAVERA CATERING X 2,5 (B5);no;1;;0;
270522;TRES CRUCES MEDALLON X 2 UNID (B48);no;45;;9;
270600;TRES CRUCES SALCHICHAS X 12 (B12);no;9;;8;
270607;PATY CLASICO 72 X 4 UNID (B24);no;16;;10;
270611;CHOCLO CATERING X 2.5 KG (B5);no;9;;3;
270612;ARVEJAS CATERING X 2.5 KG (B5);no;2;;1;
270669;ESPINACA CONG. X 1 KG (B10);no;0;;0;
270680;GREEN LIFE MED. ESPIN/PIMIE X 2 (B24);no;0;;0;
270681;GREEN LIFE MED. ARVE/BROCO X 2 (B24);no;0;;-1;
270682;GREEN LIFE MED CALAB/CHOCL X 2 (B24);no;0;;0;
270683;GREEN LIFE MED LENT/ZANAH X 2 (B24);no;0;;0;
270698;GREEN LIFE FRUTILLAS CONG X 400 (B16);no;3;;11;
270699;GREEN LIFE MORAS CONG.X 550 (B16);no;1;;1;
270701;GREEN LIFE FRAMBUESAS X 400 GRS (B16);no;1;;11;
270878;GREEN LIFE ARANDANOS (B16);no;2;;15;
270879;MIX 4 BERRIES X 400 GR (B16);no;0;;0;
270910;PATY DE CANCHA - SUPER- (B12);no;2;;0;
271002;PATY DE CASA FLOW X 2 (B24);no;0;;0;
271003;VEGGIES CALAB/CHOCLO X 4 (12);no;11;;7;
271004;VEGGIES ESPIN/PIMIEN X 4 (B12);no;13;;9;
271005;VEGGIES LENTEJA/ZANAH X 4 (B12);no;12;;7;
271006;VEGGIES ARVEJA/BROCOLI X 4 (B12);no;14;;4;
271011;GOOD MARK XL FLOW X 250 GRS (20);no;2;;0;
271040;PATY DE CANCHA FLOW X 2 (B20);no;9;;16;
271050;PATY EXPRESS FLOW X 2 UNID (B48);no;64;;37;
271085;VIENISSIMA PICANTE X 6 (B20);no;2;;9;
271112;MILANESA DE SOJA GOOD MARK (B12);no;14;;10;
324405;PATY MILANESA X 2 UNID (B36);no;3;;32;
338786;MEDALLON BARFY  X 2 UNID (B48);no;45;;42;
385834;PATY MILANESA X 4 UNID (B16);no;1;;10;
428316;MEDALLON BARFY X 4 UNID (B24);no;6;;20;
436438;PATY CLASICO 12 UNID (B12);no;2;;6;
436465;PATY CLASICO X 4 UNID (B24);no;17;;14;
437186;PATY LIGHT X 4 UNID (B24);no;0;;19;
437846;PATY CLASICO X 60 UNID;no;43;;0;
439739;PATY LIGHT FLOW X 2 (B30);no;0;;0;
439779;PATY CLASICO FLOW X 2 UNID (B30);no;0;;-4;
439809;PATY GRANDE X 4 UNID (B15);no;2;;7;
439829;PATY FINITAS X 2 UNID (B36);no;205;;31;
440456;PATY GRANDES FLOW X 2 UNID (B24);no;2;;16;
445634;PATY EXPRESS X 4 UNID (B24);no;178;;9;
451323;BARFY MED COMERCIAL X 72;no;0;;0;
526048;PATY CEBOLLA FLOW X 2 (B24);no;0;;19;
526049;PATY MORRON ASADO FLOW X 2 (B24);no;0;;22;
526913;PATY QUESO PROVOL. FLOW X 2 (B24);no;0;;22;
561279;PATY EXPRESS X 72 UNID;no;1;;0;
579212;SADIA PALETA DE CERDO;no;88;;0;
579214;SADIA JAMON COCIDO;no;89;;0;
579521;VIENISSIMA X 6 UNID (B20);no;71;;1;
579524;VIENISSIMA X 12 UNID (B10);no;23;;0;
579536;PATYVIENA X 6 UNID (B20);no;64;;7;
579537;PATYVIENA X 12 UNID (B10);no;26;;5;
579539;PATYVIENA FUN X 6 UNID (B24);no;81;;22;
597741;SALCHICHAS ICB X 6 UNID (B24);no;53;;7;
701011;PATYVIENA GASTRONOMICA X 18 (B8);no;11;;3;
800000;SERVICIOS DE DISTRIBUCION FEBRERO 2025;no;14;;0;
800102;SACHETERO MANFREY;no;-109;;0;
800103;HELADERA VERTICAL;no;1;;0;
800104;LECHE CONDENSADA NESTLE;no;0;;0;
800105;FREZZER PATY;no;25;;0;
800106;FLETES;no;-447;;0;
900000;CENA FNS 2025;no;196;;0;